{
  "batch_size": 50000000,
  "coefficient_of_variation_percent": 1.3387668712841463,
  "iterations": 5,
  "mask": [
    0,
    0,
    0,
    0,
    1,
    1,
    1,
    1
  ],
  "mean_bandwidth_gbps": 0.32850483248323203,
  "mean_throughput_words_per_sec": 41063104.060404,
  "std_dev_seconds": 0.01630133549225619,
  "test": "write_combined_vec_collection",
  "timings": [
    1.233886702,
    1.2246105250000001,
    1.224367097,
    1.21882252,
    1.186503655
  ],
  "word_length": 8
}