{
  "batch_size": 50000000,
  "coefficient_of_variation_percent": 2.2986410358055376,
  "iterations": 5,
  "mask": [
    0,
    0,
    0,
    0,
    0,
    0,
    0,
    0,
    1,
    1,
    1,
    1
  ],
  "mean_bandwidth_gbps": 2.9133071347521007,
  "mean_throughput_words_per_sec": 242775594.56267506,
  "std_dev_seconds": 0.004734085895137453,
  "test": "write_combined_file_io",
  "timings": [
    0.208697131,
    0.200300883,
    0.212898793,
    0.201088269,
    0.206772468
  ],
  "word_length": 12
}